{
  "test_accuracy": 0.5365853658536586,
  "test_macro_f1": 0.5340234374126179,
  "confusion_matrix": [
    [
      67,
      27,
      16,
      8
    ],
    [
      32,
      51,
      10,
      20
    ],
    [
      25,
      5,
      77,
      24
    ],
    [
      9,
      12,
      40,
      69
    ]
  ],
  "class_names": [
    "spring",
    "summer",
    "autumn",
    "winter"
  ]
}